moreboots,421964
interactic,510974
when-dungeons-arise-fabric,511812
betterexplosives,511225
mob-catcher-fabric,498389
quick-spyglasser,494512
workings,500672
lovely-snails,499425
blockus,312289
falling-tree,349559
mo-structures,378266
improved-stations,355914
river-redux,380548
mo-colors,446767
villager-names-fabric,416379
falling-leaves-fabric,417510
happiness-is-a-warm-gun,448106
particle-rain,421897
bits-and-chisels,420709
winged,381349
ignis-fatuus,412174
harvest-scythes,412225
staff-of-building,382694
where-is-it,378036
adorn,320215
rpgz,404828
more-villagers-fabric,486080
quartz-elevator,442509
stoneholm,460336
npc-variety-port,476200
fresh-animations,453763
creatures,302009
classic-3d,336686
round-trees-mc-vanilla-1-8-1-13,296616
crops-3d,364145
kals-arms-armor,402344
blinking-ender-eyes,322713
dramatic-skys,231821
grizzly-bear,494751
fabric-enchantments,498465
luminous-wool,494014
mannequins,488506
artifacts-fabric,401236
color-unchained,391781
skyworld,377282
stonevaults-dungeons-towers,503712
